<?xml version="1.0"?>
<doc>
    <assembly>
        <name>ECCLibrary</name>
    </assembly>
    <members>
        <member name="T:ECCLibrary.EatableData">
            <summary>
            Settings related to edible items.
            </summary>
        </member>
        <member name="M:ECCLibrary.EatableData.#ctor(System.Boolean,System.Single,System.Single,System.Boolean)">
            <summary>
            Constructor.
            </summary>
            <param name="canBeEaten">Whether this Item is edible or not.</param>
            <param name="foodAmount">The max amount of Food this item will give when eaten.</param>
            <param name="waterAmount">The max amount of Water this item will give when eaten.</param>
            <param name="decomposes">Whether this item decomposes over time.</param>
        </member>
        <member name="M:ECCLibrary.EatableData.#ctor(System.Boolean,System.Single,System.Single,System.Boolean,System.Single)">
            <summary>
            Constructor.
            </summary>
            <param name="canBeEaten">Whether this Item is edible or not.</param>
            <param name="foodAmount">The max amount of Food this item will give when eaten.</param>
            <param name="waterAmount">The max amount of Water this item will give when eaten.</param>
            <param name="decomposes">Whether this item decomposes over time.</param>
            <param name="decomposeSpeed">How fast this item decomposes. Default value is 1f.</param>
        </member>
        <member name="M:ECCLibrary.EatableData.MakeItemEatable(UnityEngine.GameObject)">
            <summary>
            Apply this EatableData to an existing Item.
            </summary>
            <param name="go"></param>
            <returns></returns>
        </member>
        <member name="T:ECCLibrary.ScannableItemData">
            <summary>
            Settings related to scanning and Databank entries.
            </summary>
        </member>
        <member name="M:ECCLibrary.ScannableItemData.#ctor(System.Boolean,System.Single,System.String,System.String[],UnityEngine.Sprite,UnityEngine.Texture2D)">
            <summary>
            Constructor.
            </summary>
            <param name="scannable">Whether this can be scanned and has an encyclopedia entry.</param>
            <param name="scanTime">How long it takes to scan this creature.</param>
            <param name="encyPath">The path to the encyclopedia. Example: "Lifeforms/Fauna/Carnivores".</param>
            <param name="encyNodes">The path to the encyclopedia in array form. Example: { "Lifeforms", "Fauna", "Carnivores" }.</param>
            <param name="popup">The popup image. Must be exported as a Sprite. If null, the default popup is used.</param>
            <param name="encyImage">The image of the encyclopedia entry. If null, no image will be used.</param>
        </member>
        <member name="M:ECCLibrary.ScannableItemData.#ctor(System.Boolean,System.Single,System.String,UnityEngine.Sprite,UnityEngine.Texture2D)">
            <summary>
            Constructor.
            </summary>
            <param name="scannable">Whether this can be scanned and has an encyclopedia entry.</param>
            <param name="scanTime">How long it takes to scan this creature.</param>
            <param name="encyPath">The path to the encyclopedia. Example: "Lifeforms/Fauna/Carnivores".</param>
            <param name="popup">The popup image. Must be exported as a Sprite. If null, the default popup is used.</param>
            <param name="encyImage">The image of the encyclopedia entry. If null, no image will be used.</param>
        </member>
        <member name="T:ECCLibrary.UBERMaterialProperties">
            <summary>
            Settings related to the standard Subnautica shader.
            </summary>
        </member>
        <member name="M:ECCLibrary.UBERMaterialProperties.#ctor(System.Single,System.Single,System.Single)">
            <summary>
            Constructor.
            </summary>
            <param name="shininess">How smooth the material appears. Recommended range: 1-8.</param>
            <param name="specularInt">How bright the reflection is. Recommended range: 1-10.</param>
            <param name="emissionScale">How bright the emission/illum is. Recommended range: 0-5.</param>
        </member>
        <member name="F:ECCLibrary.CreatureAsset.prefab">
            <summary>
            The prefab for this Creature. Edit this from the AddCustomBehaviour override.
            </summary>
        </member>
        <member name="M:ECCLibrary.CreatureAsset.#ctor(System.String,System.String,System.String,UnityEngine.GameObject,UnityEngine.Texture2D)">
            <summary>
            Creates a new instance of a CreatureAsset.
            </summary>
            <param name="classId">The ClassID / TechType. Example: 'ReaperLeviathan'. Should not match an existing creature.</param>
            <param name="friendlyName">The name seen in-game. Example: 'Reaper Leviathan'.</param>
            <param name="description">The description/tooltip seen in the inventory.</param>
            <param name="model">The GameObject to be converted to a Creature.</param>
            <param name="spriteTexture">The image seen in the inventory/</param>
        </member>
        <member name="M:ECCLibrary.CreatureAsset.GetGameObject">
            <summary>
            Do not override this method unless necessary. Override 'AddCustomBehaviour' instead.
            </summary>
            <returns></returns>
        </member>
        <member name="M:ECCLibrary.CreatureAsset.GetGameObjectAsync(IOut{UnityEngine.GameObject})">
            <summary>
            Do not override this method unless necessary. Override 'AddCustomBehaviour' instead.
            </summary>
            <returns></returns>
        </member>
        <member name="M:ECCLibrary.CreatureAsset.GetItemSprite">
            <summary>
            This is by default the 'sprite' defined in the constructor.
            </summary>
            <returns></returns>
        </member>
        <member name="P:ECCLibrary.CreatureAsset.EntityInfo">
            <summary>
            The settings based around spawning. Do not override this unless you have to.
            </summary>
        </member>
        <member name="M:ECCLibrary.CreatureAsset.PostPatch">
            <summary>
            Any changes to be done after the AssetClass is patched.
            </summary>
        </member>
        <member name="M:ECCLibrary.CreatureAsset.AddMeleeAttack(UnityEngine.GameObject,System.Single,System.Single,System.String,System.Single,System.Boolean,ECCLibrary.CreatureAsset.CreatureComponents)">
            <summary>
            Adds a melee attack.
            </summary>
            <param name="mouth">The mouth object (should have a trigger collider).</param>
            <param name="biteInterval">Min time between attacks.</param>
            <param name="damage">Damage of the attack.</param>
            <param name="biteSoundPrefix">Creates a clip pool that can use ANY mod audio clips that start with this text.</param>
            <param name="consumeWholeHealthThreshold">If the creature has this much health or less, it is deleted from existence when chewed on.</param>
            <param name="regurgitateLater">If true, the creature will spit out anything swallowed whole.</param>
            <param name="components"></param>
            <returns></returns>
        </member>
        <member name="M:ECCLibrary.CreatureAsset.SetupNecessaryComponents">
            <summary>
            A messy method that does most of the work.
            </summary>
            <returns></returns>
        </member>
        <member name="M:ECCLibrary.CreatureAsset.MakeAggressiveTo(System.Single,System.Int32,EcoTargetType,System.Single,System.Single)">
            <summary>
            Makes the creature aggressive to creatures matching ecoTarget.
            </summary>
            <param name="maxRange">The absolute max range.</param>
            <param name="maxSearchRings">More rings means further search distance.</param>
            <param name="ecoTarget">What kind of creatures it will attack.</param>
            <param name="hungerThreshold">How hungry it has to be to attack something.</param>
            <param name="aggressionSpeed">How fast it becomes aggravated.</param>
            <returns></returns>
        </member>
        <member name="M:ECCLibrary.CreatureAsset.CreateTrail(UnityEngine.GameObject,ECCLibrary.CreatureAsset.CreatureComponents,System.Single,System.Single,System.Single)">
            <summary>
            Creates a trail, which is used for procedural animation of tail-like objects.
            </summary>
            <param name="trailParent">The root segment, which does not move. The first child of this object and all children of the first child are used for the trail.</param>
            <param name="components">The reference to all the components.</param>
            <param name="segmentSnapSpeed">How fast each segment snaps back into the default position. A higher value gives a more rigid appearance.</param>
            <param name="maxSegmentOffset">How far each segment can be from the original position.</param>
            <param name="multiplier">The total strength of the movement. A value too low or too high will break the trail completely.</param>
        </member>
        <member name="M:ECCLibrary.CreatureAsset.CreateTrail(UnityEngine.GameObject,UnityEngine.Transform[],ECCLibrary.CreatureAsset.CreatureComponents,System.Single,System.Single)">
            <summary>
            Creates a trail manager, which is used for procedural animation of tail-like objects.
            </summary>
            <param name="trailRoot">The root segment, which does not move.</param>
            <param name="trails">Any objects that are simulated.</param>
            <param name="components">The reference to all the components.</param>
            <param name="segmentSnapSpeed">How fast each segment snaps back into the default position. A higher value gives a more rigid appearance.</param>
            <param name="maxSegmentOffset">How far each segment can be from the original position.</param>
        </member>
        <member name="M:ECCLibrary.CreatureAsset.AddCustomBehaviour(ECCLibrary.CreatureAsset.CreatureComponents)">
            <summary>
            Add CreatureActions and things of that like here.
            </summary>
            <param name="components"></param>
        </member>
        <member name="P:ECCLibrary.CreatureAsset.BehaviourType">
            <summary>
            Should match the EcoTargetType whenever possible. Does not do much on its own.
            </summary>
        </member>
        <member name="P:ECCLibrary.CreatureAsset.CellLevel">
            <summary>
            How far this creature can be loaded in.
            </summary>
        </member>
        <member name="P:ECCLibrary.CreatureAsset.SwimRandomSettings">
            <summary>
            Settings on random swimming.
            </summary>
        </member>
        <member name="P:ECCLibrary.CreatureAsset.EcoTargetType">
            <summary>
            What other creatures recognize this creature as. Should match with BehaviourType whenever possible.
            </summary>
        </member>
        <member name="M:ECCLibrary.CreatureAsset.SetLiveMixinData(LiveMixinData@)">
            <summary>
            This is where you set the LiveMixin data.
            </summary>
            <param name="liveMixinData"></param>
        </member>
        <member name="P:ECCLibrary.CreatureAsset.AnimateByVelocitySettings">
            <summary>
            Settings related to more complex animations.
            </summary>
        </member>
        <member name="P:ECCLibrary.CreatureAsset.UnderwaterDrag">
            <summary>
            Higher values make creatures move more slowly.
            </summary>
        </member>
        <member name="P:ECCLibrary.CreatureAsset.TraitsSettings">
            <summary>
            Settings that determine basic attributes of the creature.
            </summary>
        </member>
        <member name="P:ECCLibrary.CreatureAsset.ItemSounds">
            <summary>
            The type of sound effects this creature will use in the Inventory.
            </summary>
        </member>
        <member name="P:ECCLibrary.CreatureAsset.MaterialSettings">
            <summary>
            Settings related to how this creature is rendered.
            </summary>
        </member>
        <member name="P:ECCLibrary.CreatureAsset.StayAtLeashSettings">
            <summary>
            Settings related to how creatures respond to wandering out of their spawn zone.
            </summary>
        </member>
        <member name="P:ECCLibrary.CreatureAsset.ViewModelSettings">
            <summary>
            Settings related to fish that are held.
            </summary>
        </member>
        <member name="P:ECCLibrary.CreatureAsset.RespawnSettings">
            <summary>
            Settings related to respawning. By default respawns after 300 seconds.
            </summary>
        </member>
        <member name="P:ECCLibrary.CreatureAsset.EatableSettings">
            <summary>
            Settings related to edibles.
            </summary>
        </member>
        <member name="P:ECCLibrary.CreatureAsset.MaxVelocityForSpeedParameter">
            <summary>
            Used only for the 'speed' parameter on the Animator. By default is SwimRandomSettings.SwimVelocity + 1.
            </summary>
        </member>
        <member name="P:ECCLibrary.CreatureAsset.TurnSpeedHorizontal">
            <summary>
            The horizontal turn speed. Default value is 0.6f.
            </summary>
        </member>
        <member name="P:ECCLibrary.CreatureAsset.TurnSpeedVertical">
            <summary>
            The vertical turn speed (applies when looking up or down). Default value is 3f.
            </summary>
        </member>
        <member name="P:ECCLibrary.CreatureAsset.Pickupable">
            <summary>
            Whether the creature can be picked up and held, or not. Pickupable fish can also be placed in the Small Aquarium if ViewModelSettings are set correctly.
            </summary>
        </member>
        <member name="P:ECCLibrary.CreatureAsset.AcidImmune">
            <summary>
            Whether the creature is immune to brine or not.
            </summary>
        </member>
        <member name="P:ECCLibrary.CreatureAsset.SizeDistribution">
            <summary>
            Possible sizes for this creature. Randomly picks a value in the range of 0 to 1. This value can not go above 1.
            </summary>
        </member>
        <member name="P:ECCLibrary.CreatureAsset.ScannerRoomScannable">
            <summary>
            If set to true, the Scanner Room can scan for this creature.
            </summary>
        </member>
        <member name="P:ECCLibrary.CreatureAsset.CanBeInfected">
            <summary>
            Whether this creature can randomly spawn with Kharaa symptoms.
            </summary>
        </member>
        <member name="P:ECCLibrary.CreatureAsset.RoarAbilitySettings">
            <summary>
            By default, the creature does not roar.
            </summary>
        </member>
        <member name="P:ECCLibrary.CreatureAsset.AggressivenessToSmallVehicles">
            <summary>
            How aggressive the creature is to small vehicles. If set to zero (default value), it will not be aggressive to small vehicles.
            </summary>
        </member>
        <member name="P:ECCLibrary.CreatureAsset.AttackSettings">
            <summary>
            Settings based around how this creature attacks its LastTarget.
            </summary>
        </member>
        <member name="P:ECCLibrary.CreatureAsset.EnableAggression">
            <summary>
            Determines whether AttackSettings and AggressivenessToSmallVehicles actually apply.
            </summary>
        </member>
        <member name="P:ECCLibrary.CreatureAsset.WaterParkParameters">
            <summary>
            Settings for growth in Alien Containment.
            </summary>
        </member>
        <member name="P:ECCLibrary.CreatureAsset.Mass">
            <summary>
            The mass of the Rigidbody.
            </summary>
        </member>
        <member name="P:ECCLibrary.CreatureAsset.AboveWaterGravity">
            <summary>
            Gravity above water. A positive value portrays downward force while a negative value portrays upward force.
            </summary>
        </member>
        <member name="P:ECCLibrary.CreatureAsset.UnderwaterGravity">
            <summary>
            Gravity below water. A positive value portrays downward force while a negative value portrays upward force.
            </summary>
        </member>
        <member name="P:ECCLibrary.CreatureAsset.SurfaceType">
            <summary>
            The SurfaceType to be applied to the main collider.
            </summary>
        </member>
        <member name="P:ECCLibrary.CreatureAsset.BehaviourLODSettings">
            <summary>
            For big creatures, you might want to increase the values. Default values are 30, 60, 100.
            </summary>
        </member>
        <member name="P:ECCLibrary.CreatureAsset.EyeFov">
            <summary>
            The FOV used for detecting things, such as targets, on a scale from 0 to 1. Is 0.25 by default. A value of -1 means a given object is ALWAYS in view.
            </summary>
        </member>
        <member name="P:ECCLibrary.CreatureAsset.AvoidObstaclesSettings">
            <summary>
            Settings on how this creature will avoid terrain and/or obstacles.
            </summary>
        </member>
        <member name="P:ECCLibrary.CreatureAsset.BioReactorCharge">
            <summary>
            Total power output of this creature. All ECC creatures can be put in the bioreactor.
            </summary>
        </member>
        <member name="P:ECCLibrary.CreatureAsset.SwimInSchoolSettings">
            <summary>
            Settings on shoaling behaviours.
            </summary>
        </member>
        <member name="P:ECCLibrary.CreatureAsset.CreatureTraitsReference">
            <summary>
            The creature prefab used for reference. Easier than declaring every stat manually.
            </summary>
        </member>
        <member name="P:ECCLibrary.CreatureAsset.TurnSpeed">
            <summary>
            Determines how fast the creature turns while swimming. One by default.
            </summary>
        </member>
        <member name="P:ECCLibrary.CreatureAsset.GetEncyTitle">
            <summary>
            The Title of the encyclopedia entry.
            </summary>
        </member>
        <member name="P:ECCLibrary.CreatureAsset.GetEncyDesc">
            <summary>
            The description of the encyclopedia entry.
            </summary>
        </member>
        <member name="P:ECCLibrary.CreatureAsset.ScannableSettings">
            <summary>
            Settings related to the encyclopedia entry.
            </summary>
        </member>
        <member name="T:ECCLibrary.CreatureAsset.HeldFishData">
            <summary>
            First person view model settings.
            </summary>
        </member>
        <member name="M:ECCLibrary.CreatureAsset.HeldFishData.#ctor(TechType,System.String,System.String)">
            <summary>
            First person view model settings.
            </summary>
            <param name="referenceHoldingAnimation">The TechType that is used to find the holding animation.</param>
            <param name="worldModelName">The name of the model used for the World View, which must be a child of the object.</param>
            <param name="viewModelName">The name of the model used for the First Person View, which must be a child of the object.</param>
        </member>
        <member name="M:ECCLibrary.CreatureAsset.HeldFishData.#ctor(TechType)">
            <summary>
            First person view model settings.
            </summary>
            <param name="referenceHoldingAnimation">The TechType that is used to find the holding animation.</param>
        </member>
        <member name="T:ECCLibrary.CreatureAsset.RespawnData">
            <summary>
            Settings related to respawning.
            </summary>
        </member>
        <member name="M:ECCLibrary.CreatureAsset.RespawnData.#ctor(System.Boolean,System.Single)">
            <summary>
            Constructor.
            </summary>
            <param name="respawns">Whether this creature can respawn when killed or not.</param>
            <param name="respawnDelay">How long it takes for this creature to respawn, after death.</param>
        </member>
        <member name="M:ECCLibrary.CreatureAsset.BehaviourLODLevelsStruct.#ctor(System.Single,System.Single,System.Single)">
            <summary>
            Constructor.
            </summary>
            <param name="veryClose">Beyond this distance some animations may be removed.</param>
            <param name="close">Beyond this distance some functionalities may be less precise.</param>
            <param name="far">Beyond this distance trail animations will no longer exist.</param>
        </member>
        <member name="F:ECCLibrary.CreatureAsset.RoarAbilityData.AudioClipPrefix">
            <summary>
            All sounds starting with AudioClipPrefix in the asset bundle have a possibility to be played.
            </summary>
        </member>
        <member name="F:ECCLibrary.CreatureAsset.RoarAbilityData.MinTimeBetweenRoars">
            <summary>
            The name of the Animator trigger parameter.
            </summary>
        </member>
        <member name="M:ECCLibrary.CreatureAsset.SwimRandomData.#ctor(System.Boolean,UnityEngine.Vector3,System.Single,System.Single,System.Single)">
            <summary>
            Constructor.
            </summary>
            <param name="swimRandomly">Whether this action is added to the creature or not.</param>
            <param name="swimRadius">The distance this creature can wander in each direction.</param>
            <param name="swimVelocity">The speed at which this creature swims idly.</param>
            <param name="swimInterval">The time in seconds between each change in direction.</param>
            <param name="priority">The priority for this inidividual CreatureAction.</param>
        </member>
        <member name="T:ECCLibrary.CreatureAsset.CreatureComponents">
            <summary>
            Stores references to basic components of the creature. Do not rely on all of these to exist.
            </summary>
        </member>
        <member name="M:ECCLibrary.CreatureAsset.SwimInSchoolData.#ctor(System.Single,System.Single,System.Single,System.Single,System.Single,System.Single,System.Single)">
            <summary>
            Constructor.
            </summary>
            <param name="evaluatePriority">The priority of this CreatureAction.</param>
            <param name="swimVelocity">The speed at which the creature moves while schooling.</param>
            <param name="swimInterval">The time between each "swim".</param>
            <param name="schoolSize">The max distance each fish can move from its leader.</param>
            <param name="breakDistance">The distance at which an individual fish breaks off from the school.</param>
            <param name="findLeaderChance">The chance, per attempt, for a school to be formed.</param>
            <param name="loseLeaderChance">The chance, each second, for a school to be broken.</param>
        </member>
        <member name="T:ECCLibrary.CreatureAsset.StayAtLeashData">
            <summary>
            Settings based around StayAtLeash.
            </summary>
        </member>
        <member name="M:ECCLibrary.CreatureAsset.StayAtLeashData.#ctor(System.Single,System.Single)">
            <summary>
            Constructor.
            </summary>
            <param name="evaluatePriority">The priority of the action when applicable.</param>
            <param name="maxDistance">The distance at which the creature will attempt to perform this action.</param>
        </member>
        <member name="T:ECCLibrary.CreatureAsset.AnimateByVelocityData">
            <summary>
            Data related to the AnimateByVelocity component. Note that <see cref="P:ECCLibrary.CreatureAsset.MaxVelocityForSpeedParameter"/> is also related to this component. It was created before this struct existed, so is separate.
            </summary>
        </member>
        <member name="M:ECCLibrary.CreatureAsset.AnimateByVelocityData.#ctor(System.Boolean,System.Single,System.Single,System.Single)">
            <summary>
            Constructor for these settings.
            </summary>
            <param name="useStrafeAnimation">Strafe animation consists of Up, Down, Left, Right, Forward, and Backwards animations, always relative to the creature's current rotation. The parameters used by this are 'speed_x'. 'speed_y', and 'speed_z', on a scale from -1 to 1. False by default.</param>
            <param name="animationMaxPitch">Pitch can be described by looking up and down. The parameter for pitch 'pitch' and is always on a scale from -1 to 1. When the creature has rotated by a pitch of <paramref name="animationMaxPitch"/> in one way, it will equal 1. If it rotated the opposite direction the same amount, it wouls equal -1.</param>
            <param name="animationMaxTilt">In this case, tilt is rotating left and right. This parameter has the same rules, basically, as <paramref name="animationMaxPitch"/>.</param>
            <param name="dampTime">A longer damp time means it takes longer for these strafe, pitch, and tilt animations to take effect.</param>
        </member>
        <member name="T:ECCLibrary.CreatureAsset.CreatureTraitsData">
            <summary>
            Basic settings related to creature "traits".
            </summary>
        </member>
        <member name="F:ECCLibrary.CreatureAsset.CreatureTraitsData.HungerIncreaseRate">
            <summary>
            The rate at which the creature gets hungrier. Predators often require higher levels of hunger to attack.
            </summary>
        </member>
        <member name="F:ECCLibrary.CreatureAsset.CreatureTraitsData.AggressionDecreaseRate">
            <summary>
            The rate at which this creature becomes passive while actively hunting.
            </summary>
        </member>
        <member name="F:ECCLibrary.CreatureAsset.CreatureTraitsData.ScaredDecreaseRate">
            <summary>
            The rate at which this creature becomes less scared. Used in very specific circumstances, most notably when taking damage.
            </summary>
        </member>
        <member name="M:ECCLibrary.CreatureAsset.CreatureTraitsData.#ctor(System.Single,System.Single,System.Single)">
            <summary>
            The rate of change for each 'trait' is measured per second.
            </summary>
            <param name="hungerIncreaseRate">The rate at which the creature gets hungrier. Predators often require higher levels of hunger to attack.</param>
            <param name="aggressionDecreaseRate">The rate at which this creature becomes passive while actively hunting.</param>
            <param name="scaredDecreaseRate">The rate at which this creature becomes less scared. Used in very specific circumstances, most notably when taking damage.</param>
        </member>
        <member name="T:ECCLibrary.CreatureEggAsset">
            <summary>
            Asset class for CreatureEggs. Must inherit from this class to add custom spawns.
            </summary>
        </member>
        <member name="F:ECCLibrary.CreatureEggAsset.prefab">
            <summary>
            The object to be edited in 'AddCustomBehaviours'.
            </summary>
        </member>
        <member name="M:ECCLibrary.CreatureEggAsset.#ctor(System.String,System.String,System.String,UnityEngine.GameObject,TechType,UnityEngine.Texture2D,System.Single)">
            <summary>
            Create a new egg asset.
            </summary>
            <param name="classId">TechType / ClassId of the egg.</param>
            <param name="friendlyName">The name displayed in-game.</param>
            <param name="description">The tooltip displayed in-game.</param>
            <param name="model">The default model of  this egg.</param>
            <param name="hatchingCreature">The creature that hatches out of this egg.</param>
            <param name="spriteTexture">The texture displayed in the inventory.</param>
            <param name="hatchingTime">How much time (in days) it takes for this egg to hatch.</param>
        </member>
        <member name="P:ECCLibrary.CreatureEggAsset.EntityInfo">
            <summary>
            Information related to spawning. Most of this is done for you; only override this if necessary.
            </summary>
        </member>
        <member name="M:ECCLibrary.CreatureEggAsset.GetItemSprite">
            <summary>
            Override this to change the sprite. By default uses the sprite passed in from the constructor.
            </summary>
            <returns></returns>
        </member>
        <member name="P:ECCLibrary.CreatureEggAsset.MaterialSettings">
            <summary>
            Settings related to how this egh is rendered.
            </summary>
        </member>
        <member name="P:ECCLibrary.CreatureEggAsset.AcidImmune">
            <summary>
            Is this egg immune to acid?
            </summary>
        </member>
        <member name="P:ECCLibrary.CreatureEggAsset.GetMaxHealth">
            <summary>
            The max health of this egg. Note: one knife swing deals 20 damage.
            </summary>
        </member>
        <member name="P:ECCLibrary.CreatureEggAsset.GetEncyTitle">
            <summary>
            Set to 'FriendlyName' by default.
            </summary>
        </member>
        <member name="P:ECCLibrary.CreatureEggAsset.GetEncyDesc">
            <summary>
            Override this to edit the ency text.
            </summary>
        </member>
        <member name="P:ECCLibrary.CreatureEggAsset.IsScannable">
            <summary>
            Override and set to true if you want this to be scannable and have a databank entry.
            </summary>
        </member>
        <member name="P:ECCLibrary.CreatureEggAsset.ScannableSettings">
            <summary>
            Only override this if necessary. Scannable settings are already done for you. Override IsScannable, GetEncyTitle, and GetEncyDesc for most Ency related options.
            </summary>
        </member>
        <member name="M:ECCLibrary.CreatureEggAsset.AddCustomBehaviours">
            <summary>
            Override this method if you want to further edit the Egg prefab.
            </summary>
        </member>
        <member name="P:ECCLibrary.CreatureEggAsset.ManualEggExplosion">
            <summary>
            <para>Only meshes with read and write enabled can be exploded.</para>
            <para>Override this to true if your mesh doesn't have read and write enabled.</para>
            </summary>
        </member>
        <member name="T:ECCLibrary.Internal.ECCLog">
            <summary>
            Class that helps with adding messages onto the screen. I have left it internal in case someone needs it.
            </summary>
        </member>
        <member name="M:ECCLibrary.Internal.ECCLog.AddMessage(System.String)">
            <summary>
            Adds a message to the log and shows a message on-screen if 'ECC Verbose Messages' is enabled in config,
            </summary>
        </member>
        <member name="M:ECCLibrary.Internal.ECCLog.AddMessage(System.String,System.String[])">
            <summary>
            Adds a message to the log and shows a message on-screen if 'ECC Verbose Messages' is enabled in config,
            </summary>
        </member>
        <member name="M:ECCLibrary.Internal.ECCLog.AddMessage(System.String,System.Object)">
            <summary>
            Adds a message to the log and shows a message on-screen if 'ECC Verbose Messages' is enabled in config,
            </summary>
        </member>
        <member name="M:ECCLibrary.Internal.ECCLog.AddMessage(System.String,System.Object,System.Object)">
            <summary>
            Adds a message to the log and shows a message on-screen if 'ECC Verbose Messages' is enabled in config,
            </summary>
        </member>
        <member name="M:ECCLibrary.Internal.ECCLog.AddMessage(System.String,System.Object,System.Object,System.Object)">
            <summary>
            Adds a message to the log and shows a message on-screen if 'ECC Verbose Messages' is enabled in config,
            </summary>
        </member>
        <member name="T:ECCLibrary.EatableAsset">
            <summary>
            A basic AssetClass that does everything required for edible fish for you. This class should not be inherited from.
            </summary>
        </member>
        <member name="M:ECCLibrary.EatableAsset.#ctor(System.String,System.String,System.String,UnityEngine.GameObject,TechType,ECCLibrary.EatableData,System.Boolean,UnityEngine.Texture2D)">
            <summary>
            Constructor for a cooked/cured version of the creature.
            </summary>
            <param name="classId">The TechType.</param>
            <param name="friendlyName">The friendly name.</param>
            <param name="description">The tooltip.</param>
            <param name="model">The prefab of the original fish.</param>
            <param name="originalFish">The TechType of the original fish.</param>
            <param name="eatableData">The data related to being edible.</param>
            <param name="cured">Whether the recipe requires salt. Also, only non-cured fish will be spawned by the Thermoblade.</param>
            <param name="sprite">The icon in the inventory.</param>
        </member>
        <member name="M:ECCLibrary.EatableAsset.#ctor(System.String,System.String,System.String,UnityEngine.GameObject,TechType,ECCLibrary.EatableData,System.Boolean,UnityEngine.Texture2D,ECCLibrary.ItemSoundsType)">
            <summary>
            Constructor for a cooked/cured version of the creature.
            </summary>
            <param name="classId">The TechType.</param>
            <param name="friendlyName">The friendly name.</param>
            <param name="description">The tooltip.</param>
            <param name="model">The prefab of the original fish.</param>
            <param name="originalFish">The TechType of the original fish.</param>
            <param name="eatableData">The data related to being edible.</param>
            <param name="cured">Whether the recipe requires salt. Also, only non-cured fish will be spawned by the Thermoblade.</param>
            <param name="sprite">The icon in the inventory.</param>
            <param name="soundType">The audio used for this creature in the inventory.</param>
        </member>
        <member name="M:ECCLibrary.EatableAsset.#ctor(System.String,System.String,System.String,UnityEngine.GameObject,TechType,ECCLibrary.EatableData,System.Boolean,UnityEngine.Texture2D,ECCLibrary.ItemSoundsType,UnityEngine.Sprite)">
            <summary>
            Constructor for a cooked/cured version of the creature.
            </summary>
            <param name="classId">The TechType.</param>
            <param name="friendlyName">The friendly name.</param>
            <param name="description">The tooltip.</param>
            <param name="model">The prefab of the original fish.</param>
            <param name="originalFish">The TechType of the original fish.</param>
            <param name="eatableData">The data related to being edible.</param>
            <param name="cured">Whether the recipe requires salt. Also, only non-cured fish will be spawned by the Thermoblade.</param>
            <param name="sprite">The icon in the inventory.</param>
            <param name="soundType">The audio used for this creature in the inventory.</param>
            <param name="unlockPopup">The icon shown when unlocked</param>
        </member>
        <member name="M:ECCLibrary.ECCHelpers.PatchBehaviorType(TechType,BehaviourType)">
            <summary>
            Set the BehaviourType of a TechType. Used for certain creature interactions.
            </summary>
            <param name="techType"></param>
            <param name="behaviourType"></param>
        </member>
        <member name="M:ECCLibrary.ECCHelpers.PatchEquipmentType(TechType,EquipmentType)">
            <summary>
            Set the EquipmentType of an item.
            </summary>
            <param name="techType"></param>
            <param name="equipmentType"></param>
        </member>
        <member name="M:ECCLibrary.ECCHelpers.PatchItemSounds(TechType,ECCLibrary.ItemSoundsType)">
            <summary>
            Patch the inventory sounds of a TechType.
            </summary>
            <param name="techType"></param>
            <param name="soundType"></param>
        </member>
        <member name="M:ECCLibrary.ECCHelpers.GetECCVolume">
            <summary>
            Returns the master volume for ECC (ranges from 0-1)
            </summary>
            <returns></returns>
        </member>
        <member name="T:ECCLibrary.ECCAudio">
            <summary>
            Class related to audio of ECC. Used by several internal and publlic functions.
            </summary>
        </member>
        <member name="F:ECCLibrary.ECCAudio.allClips">
            <summary>
            All UnityEngine.AudioClips registered in ECCLibrary.
            </summary>
        </member>
        <member name="M:ECCLibrary.ECCAudio.RegisterClips(UnityEngine.AssetBundle)">
            <summary>
            Register ALL audio clips from the given asset bundle.
            </summary>
            <param name="assetBundle"></param>
        </member>
        <member name="M:ECCLibrary.ECCAudio.CreateClipPool(System.String)">
            <summary>
            Create a clip pool with all AudioClips that begin with 'startingLetters'.
            </summary>
            <param name="startingLetters">All clips beginning with this are added to the AudioClipPool.</param>
            <returns></returns>
        </member>
        <member name="M:ECCLibrary.ECCAudio.LoadAudioClip(System.String)">
            <summary>
            Load a specific AudioClip by its exact name.
            </summary>
            <param name="byName"></param>
            <returns></returns>
        </member>
        <member name="T:ECCLibrary.ECCAudio.AudioClipPool">
            <summary>
            An array of AudioClips, which can be generated by ECC. Can be used to select random audio clips.
            </summary>
        </member>
        <member name="M:ECCLibrary.ECCAudio.AudioClipPool.#ctor(UnityEngine.AudioClip[])">
            <summary>
            Initialize a clip pool. For some reason this method does not work until after the game has been loaded.
            </summary>
            <param name="clips"></param>
        </member>
        <member name="M:ECCLibrary.ECCAudio.AudioClipPool.GetRandomClip">
            <summary>
            Returns a random clip out of the selection.
            </summary>
            <returns></returns>
        </member>
        <member name="T:ECCLibrary.StaticCreatureSpawns">
            <summary>
            Static class related to static spawns, such as those of Leviathans in the base game.
            </summary>
        </member>
        <member name="M:ECCLibrary.StaticCreatureSpawns.RegisterStaticSpawn(ECCLibrary.StaticSpawn)">
            <summary>
            Allow a new creature to spawn in a specific location. Call this in your patch method.
            </summary>
            <param name="spawnData">Information related to this specific StaticSpawn.</param>
        </member>
        <member name="T:ECCLibrary.StaticSpawn">
            <summary>
            Settings based around a creature that will always spawn in the same position(s), and is separate from the LootDistributionData.
            </summary>
        </member>
        <member name="M:ECCLibrary.StaticSpawn.#ctor(ECCLibrary.CreatureAsset,UnityEngine.Vector3,System.String,System.Single)">
            <summary>
            Constructor for this struct.
            </summary>
            <param name="prefab">The Creature to be spawned.</param>
            <param name="position">World position of the object's spawn.</param>
            <param name="uniqueIdentifier">An ID that must be unique to all other static spawns.</param>
            <param name="maxDistance">The creature will attempt to spawn when wihin this distance. Note: Non-global creatures cannot spawn in areas that have not fully loaded.</param>
        </member>
        <member name="M:ECCLibrary.StaticSpawn.#ctor(TechType,UnityEngine.Vector3,System.String,System.Single)">
            <summary>
            Constructor for this struct.
            </summary>
            <param name="prefab">The TechType to be spawned.</param>
            <param name="position">World position of the object's spawn.</param>
            <param name="uniqueIdentifier">An ID that must be unique to all other static spawns.</param>
            <param name="maxDistance">The creature will attempt to spawn when wihin this distance. Note: Non-global creatures cannot spawn in areas that have not fully loaded.</param>
        </member>
        <member name="M:ECCLibrary.StaticSpawn.#ctor(System.String,UnityEngine.Vector3,System.String,System.Single)">
            <summary>
            Constructor for this struct.
            </summary>
            <param name="classId">The ClassId of the prefab to be spawned.</param>
            <param name="position">World position of the object's spawn.</param>
            <param name="uniqueIdentifier">An ID that must be unique to all other static spawns.</param>
            <param name="maxDistance">The creature will attempt to spawn when wihin this distance. Note: Non-global creatures cannot spawn in areas that have not fully loaded.</param>
        </member>
        <member name="M:ECCLibrary.StaticSpawn.#ctor(System.String,UnityEngine.Vector3,System.String,System.Single,UnityEngine.Vector3)">
            <summary>
            Constructor for this struct.
            </summary>
            <param name="classId">The ClassId of the prefab to be spawned.</param>
            <param name="position">World position of the object's spawn.</param>
            <param name="uniqueIdentifier">An ID that must be unique to all other static spawns.</param>
            <param name="maxDistance">The creature will attempt to spawn when wihin this distance. Note: Non-global creatures cannot spawn in areas that have not fully loaded.</param>
            <param name="eulers">Rotation of the creature when spawned.</param>
        </member>
    </members>
</doc>
